month,ENE,FIN,TEC,IND,SAN,CON,UTL,MAT
1,-0.06384521434357796,0.0056459504796090125,0.04255702791112471,0.042280657712442896,0.033885856068628706,0.04366589813178813,0.0018082043382599547,-0.005142990210187912
2,0.011426072639265268,-0.04764101470243138,-0.12873054154461389,-0.07356426561188992,-0.04327323481109875,-0.0043522622661854755,-0.00719459609928897,0.007549788781965265
3,0.016096405388388562,0.05306521241841309,0.09835668202421925,0.02205859693108314,0.03561273223865795,0.005211892211914676,0.007761906476655633,0.018414676583971463
4,-0.015013574031723577,0.07977918103900725,0.03168815046301473,0.041586196489466654,0.04032425881139276,0.0493310698866687,0.03099227487559939,0.04339458901786557
5,-0.08771310369871374,-0.08295660268360151,-0.20537609111472188,-0.1180040638331411,-0.07450272733236264,-0.08216595758169262,-0.014802341440018315,-0.1264722212450648
6,-0.06047537204950207,0.02240838881599813,-0.07813623541790485,-0.007908993334831003,-0.049204300044404986,-0.03628467405084529,-0.03271428752761741,-0.0652335238422511
7,0.055503929061476935,-0.07898588493146769,0.05228794288115916,0.02215050487081277,-0.008989850204390838,-0.039665826948245254,0.007749022465286052,-0.01660026561080216
8,0.008025137429173948,-0.002987169947843633,0.1106884529610927,-0.012476049164279683,-0.031196019217871174,0.00478652130451743,0.004489204053291819,0.07806906563599574
9,0.04967538439848048,0.029063455586777875,0.11671580828306084,-0.039971896018897474,-0.013395370290082495,-0.025533923692646798,-0.0035147456015087357,-0.07350681746855865
10,0.007482022795804049,-0.04083574704503043,-0.13257458014613235,-0.062313034046710306,-0.002358507055539324,0.012815866570909763,0.032508669514472274,0.1488039030023494
11,0.0631439603626854,-0.004211988745493826,-0.08790817930422648,0.0496540542806191,0.00022912461280962318,0.01745230585653688,0.004586302333550108,0.03828726175925569
12,0.09181066772006337,0.054227204271511106,0.044896304683978275,-0.006036765706352608,-0.027756857697122793,0.01212406404111064,0.014330102746305534,0.1485430561028088
13,0.017622574596417778,0.0672550698453035,-0.016317413609110137,-0.036920009575371754,-0.02141685821818562,-0.01616738606037065,0.04801049108122698,-0.03670991145589209
14,0.0938899133217532,0.011828480122259052,0.1395569409336855,0.06301814755478236,0.025122928416585984,0.037502732047031404,0.007202289655631322,0.08390846278158222
15,0.0038166023263314225,-0.035936641934730576,-0.049744723067474295,0.03143301035437304,0.063340433879606,0.026056634724794286,0.008689030935997655,0.04658496075073849
16,0.04078399393100323,-0.016831769486175242,-0.058711093793064946,0.022342978868148882,0.0009675514333003996,0.03705793742579572,-0.0038487390692605477,-0.09975842534432602
17,-0.04564438810844038,0.11777919694847243,0.15518268328582865,0.0138921755782501,0.002398146831652844,0.06884223884945372,-0.012461735997048107,-0.028396088205884632
18,0.0038160262692024244,-0.05513244009499689,-0.03553320054726078,-0.031931940303328805,-0.003859298153440974,0.029779818989434784,-0.007095991606904409,0.008163258361793515
19,-0.06012160178455447,0.047489976603324414,0.0022591885647974957,-0.009840095204523919,-0.001747114680409799,0.020268954678741877,0.035133021732088744,-0.032888650409468395
20,0.008176093723416803,-0.018700947783221324,-0.01039156026544887,0.04652957279433198,0.02124501897940647,0.052777674919547615,0.0007275903278611169,-0.034053444961664806
21,-0.009743475173850843,0.015126085978607831,0.01782152767230026,-0.041679038946752116,0.004982583814385754,0.010178512042261051,0.05227807432771143,0.11464645740799927
22,-0.060311288320826086,-0.03658837915558402,-0.1230230745431305,-0.03929414794601074,0.0013186296752274434,0.030505516154444485,-0.019598023709860683,-0.058047827269033334
23,-0.05172994328131591,0.056879005279698455,0.004981078116883836,0.029778036425614773,0.005517544767126993,0.038298634750700014,-0.013522322419029533,-0.026875978499150167
24,0.1090796372084327,-0.0676393334042022,-0.06972112163377023,0.07623467592711115,0.09005689595376737,-0.03796499084014676,-0.005011725218057175,0.02380309480954088
25,0.07851092773366666,-0.06356605522197445,-0.024489993212844147,0.024268695933427675,0.010198097968573305,-0.01779197484695381,-0.004156382133937658,-0.09068351703304942
26,-0.016899162225863434,-0.02047338849770698,0.01293154753987253,-0.02637109635318201,0.012901351116101347,0.03295198087669024,0.002695383513200773,0.016115775383446565
27,0.03171833768936396,0.034424709562705144,-0.007396163439781854,0.039457258627966195,0.014409894944215636,0.09553221467473126,0.0434360933139184,0.05530777894663069
28,-0.015516597340054696,-0.03435492603052242,0.11773248676200135,0.03146717792529495,0.028228627453393967,-0.043461409075235886,0.028181653198927376,0.052413870996153064
29,-0.031064662007611682,0.003045469417870282,0.05529533308041243,0.024710980006776004,0.006052249269409107,0.01530109040904571,0.005255375664872797,0.03628852041317963
30,0.09872787393212801,-0.1113638586143627,0.021205250808902613,0.030305898626840442,0.024077060753778523,0.0064126444046422384,-0.024586274940794628,0.04757421114917766
31,0.1773876100083887,0.02328258856921843,0.18807112667123907,0.06998332377221707,0.04928486924341426,0.030481351616401378,0.027810609631735598,0.1777518749184969
32,0.022052450635244317,0.08698525505204692,0.07624871053491292,0.011505608250388166,0.04993332044095683,0.011351806763737884,0.015386619973223227,-0.02506368790023636
33,-0.007827387609627286,-0.05146535445427018,0.05754479881205067,-0.05689397377543177,0.01886341296202755,-0.013648916760016963,0.02077021032901153,0.03333794470287102
34,0.06826872451146346,0.01336594887734702,-0.13759921946207376,-0.02299350573793709,-0.04609944307104991,-0.03355876420709353,0.02334841713673081,0.013873574067450892
35,-0.002664646993114063,-0.01752739142703689,0.04980033285321845,-0.018936459518436095,-0.0010486404478120236,0.035534422003074086,0.036246619304857536,0.0721968240816372
36,-0.062532375493484,0.07830840941546485,0.07948006216079394,0.0642363083268056,0.07834470859667494,-0.03323544882531438,0.008500210260937039,0.09267121566187872
37,-0.07490003042574314,0.08619258831964619,0.034969388028831816,0.038041865082482196,-0.013371206456406213,0.032657867001147534,0.024290833379279182,0.018986887986725348
38,-0.01205931306145587,-0.013158241541300108,-0.08937571690562279,-0.027139957236635936,-0.016068961989783855,-0.002738929435911794,0.012750960927397165,-0.08899873695113072
39,-0.029426311653424943,0.05416615980729213,-0.08016977317400291,-0.053580176574139535,-0.005094919774580224,0.013834674294298164,-0.006797549241797502,0.05490942436718729
40,0.07645418812624401,0.08610207552497731,0.08811094312015003,0.1240435382543746,0.013657597878337396,-0.044540015496569704,0.045710052926555306,0.009662931231227904
41,0.04257597447515085,0.11604335245708561,-0.0579706572192774,-0.01588532590545843,-0.02628000051829332,0.00038301330947321244,0.023714957183854732,0.07246794575931084
42,0.043291814962844365,-0.04278860440619379,-0.11802497481159568,0.029351209472963782,0.0034029586252590244,0.03865348818929354,0.0261598989473648,0.040906965192339106
43,0.02095119720484462,-0.007474066105306829,0.01733193642611289,-0.04331310360323293,-0.013214046268006336,-0.004380441754423272,0.011610100272973323,-0.041775878039599486
44,0.04356324039134101,0.006142206644189905,0.01912718441470033,0.04947307465496478,-0.04876642334722356,-0.03150934777008182,-0.02187678275925567,-0.12046619162209606
45,-0.020854151689174132,0.05672806880092886,0.0013507869997746655,0.02016227326426624,0.04127692689327907,0.05710288395197627,0.00476750930011407,0.09591595735807443
46,0.021592510562439125,-0.025906571159340322,-0.01496020665897162,-0.04340069295041853,-0.0159015550807003,0.0009593632924740081,0.02365000740844488,0.12223111093257757
47,-0.02699240115118002,0.07145552015093819,-0.011921398232080771,0.057654557433381395,0.020517404816280192,-0.03231503145544758,0.03528260938931102,0.010099965905300115
48,-0.009519916624185797,-0.0384627851516849,-0.018894396390791404,0.03310812850157724,0.005168176296176163,0.02513051211224461,0.014885441428089091,0.09843071238022667
49,0.017565531301715658,-0.040136612806744035,0.12551519788797996,0.018669114490292803,0.0538449581618311,0.039794445394066194,0.011398705945606297,0.05924092329179729
50,0.10871908884830396,0.127508776759701,0.02357124727412798,0.01693955783146088,0.03985636518325829,-0.020339255534501523,0.012124181091876251,0.011086550041302058
51,0.035393174089108734,-0.02248035168682304,-0.080924289433737,-0.06463349181883556,-0.021300016017198563,-0.000591625142890434,0.002700506515351209,0.13817688449075033
52,0.08817093185681539,-0.013991397123135914,0.07264889019475702,0.013978625117002576,0.010876137601406493,0.03152913471968417,0.0257381241679141,0.01595859645217777
53,0.0056587442389414225,-0.11890719224126506,-0.06089027951039704,0.06107316203555163,-0.017757879938210742,0.01672881144192405,-0.014053111247848504,-0.016553918714150198
54,-0.0065798348827240125,-0.013717457308288456,-0.05617983996287103,0.014190228452463247,-0.026109211219076365,0.02171135587963225,0.02174700972658265,0.01836569334722714
55,-0.02385511720139056,0.013766151091656086,-0.03113501157195399,0.029125508785024793,-0.058670008266602416,-0.01755002553768423,-0.041884790395912426,-0.0996593012939297
56,0.05216298099999347,0.030366231913370664,-0.06873803669604411,-0.07429419626348618,-0.09620229994835972,-0.029544255861789125,0.04398067703620793,0.009060186661598479
57,-0.030004924308035134,0.023260439091702736,-0.10854538623234523,-0.013356246634172682,0.003356336914711796,-0.003350839181417177,0.016480797583294706,0.018922739022642424
58,0.09953820805459077,0.04035935413847325,0.15649816409521083,0.1256470904648302,0.008439281946379936,0.01815567543122016,0.052161531750352874,0.06110689587014102
59,0.04542323831580465,-0.05353477991811268,0.07156372343172118,-0.016877989710378762,-0.004285588729877254,0.03788852618570251,-0.014840378501922165,-0.08303223261461372
60,0.02341717291702097,0.07913503241928502,-0.043601854769916584,0.06755524518341337,0.010320705917888806,0.07465190372090286,-0.02981264246706203,0.00327374438659208
